{
  "u487": 0.01613259445358593,
  "u130": 0.4828517717235845,
  "u454": 0.05723921865595951,
  "u386": 0.2031962682151329,
  "u230": 0.32888860841111417,
  "u135": 0.7765287894989963,
  "u78": 1.6823869120802681,
  "u430": 0.7057259627668055,
  "u455": 0.070494598755208,
  "u178": 1.2185716037470886,
  "u330": 0.28563917082198065,
  "u457": 0.10045614094273661,
  "u200": 0.1601044414032574,
  "u252": 0.2426137870500746,
  "u473": 0.09263762101267574,
  "u163": 1.0667370801376608,
  "u222": 0.053022890210947915,
  "u157": 1.082417602748129,
  "u302": 0.06593111434448448,
  "u476": 0.01613259445358593,
  "u332": 1.0667370801376608,
  "u483": 0.47000362924573563,
  "u194": 0.6190392084062235,
  "u460": 0.4341330029777362,
  "u479": 0.0286086966317926,
  "u361": 0.11534820803983242,
  "u102": 1.0745147370890493,
  "u475": 0.08403074885149187,
  "u316": 0.17185025692665923,
  "u303": 0.08558546658037126,
  "u436": 0.29946581887384316,
  "u416": 0.2698373741973023,
  "u397": 0.2301477187577807,
  "u313": 0.24408318839746454,
  "u297": 0.3474013071534031,
  "u191": 0.33160604697004004,
  "u166": 0.23080642405977886,
  "u368": 0.04437868719354974,
  "u150": 0.3615019846870483,
  "u240": 0.09868012082400712,
  "u50": 0.4182041338855941,
  "u406": 0.07864312731911313,
  "u70": 2.5998366164619773,
  "u358": 0.32035909847808114,
  "u346": 0.18546127679862232,
  "u383": 0.49182267664037527,
  "u493": 0.057057728170454826,
  "u300": 0.06350095350769944,
  "u149": 0.19184956304560932,
  "u315": 0.451344713858858,
  "u505": 0.04097690118929694,
  "u431": 0.07071007557831717,
  "u83": 0.31165868798570573,
  "u349": 0.8135108628098204,
  "u270": 1.198242129616951,
  "u137": 0.8049752858159158,
  "u224": 0.22252797727199508,
  "u461": 0.03658118425562399,
  "u421": 0.24188573312395042,
  "u128": 0.43178241642553783,
  "u175": 0.0673571257819479,
  "u6": 0.33092244783631775,
  "u106": 0.2451970320290671,
  "u143": 0.041406374885009464,
  "u511": 0.6608389373272875,
  "u193": 0.3295637462774013,
  "u498": 0.1276316704973343,
  "u450": 0.07811198150710413,
  "u204": 0.5191938734365071,
  "u509": 0.1032105551414186,
  "u434": 0.6580558607486752,
  "u510": 0.3190863088939776,
  "u492": 0.064770836157782,
  "u432": 0.04553906560429845,
  "u12": 0.9886113934537812,
  "u203": 0.1943897230074402,
  "u464": 0.06558399953912422,
  "u294": 0.15269486358527737,
  "u266": 0.950976289862045,
  "u291": 0.5845133395571498,
  "u507": 0.0631296449862425,
  "u209": 1.0745147370890493,
  "u388": 0.2902774541318581,
  "u218": 0.921882545139933,
  "u223": 0.3302416868705768,
  "u400": 0.18588811884588224,
  "u499": 0.057299972399927755,
  "u105": 0.9391054096403263,
  "u271": 0.23113719899495533,
  "u236": 0.06896348953628154,
  "u437": 0.4872951263557966,
  "u480": 0.08649999881433319,
  "u80": 0.5866913745407042,
  "u442": 0.38129766800127723,
  "u67": 0.1665376890926927,
  "u301": 0.25610772685318595,
  "u176": 0.578077850775158,
  "u258": 0.6444966714427618,
  "u99": 0.22438501640227465,
  "u389": 0.125163142954006,
  "u396": 0.3896545020815222,
  "u174": 0.34967374847974886,
  "u411": 0.1458103479110394,
  "u395": 0.34367947502616214,
  "u486": 0.04641337171882728,
  "u500": 0.05966423222649706,
  "u245": 0.10639947679024547,
  "u265": 0.38589501191406717,
  "u122": 0.08372656291267627,
  "u208": 0.5978370007556204,
  "u7": 1.508896683212223,
  "u304": 0.21089492923801065,
  "u219": 0.6070725717887024,
  "u449": 0.07674218683750354,
  "u452": 0.18567445180426553,
  "u463": 0.07267771363187021,
  "u220": 0.11207292959573036,
  "u210": 0.23621563288156255,
  "u296": 0.5460715628276656,
  "u154": 0.49643688631389105,
  "u286": 0.3868279821094199,
  "u63": 0.8222396016538409,
  "u86": 1.198242129616951,
  "u40": 0.8266785731844679,
  "u435": 0.2831262559159201,
  "u221": 0.31594851060159734,
  "u264": 0.5845133395571498,
  "u393": 0.18335621803473093,
  "u249": 0.25170696999350306,
  "u43": 1.1239300966523995,
  "u39": 0.5404703403509875,
  "u503": 0.07769966179568952,
  "u227": 0.39740054827143384,
  "u202": 0.31657108230391806,
  "u413": 0.4672424678044076,
  "u338": 0.40857553052255685,
  "u360": 1.3460204619819507,
  "u390": 1.261651915912614,
  "u495": 0.07559568152908869,
  "u281": 0.5759649259369521,
  "u488": 0.08165743432827316,
  "u382": 0.31782367754313995,
  "u141": 0.6636465161632473,
  "u213": 0.4672424678044076,
  "u251": 1.1153490810236335,
  "u255": 0.2716584229836237,
  "u447": 0.17673717850005394,
  "u307": 0.17928665309880054,
  "u186": 0.18915335108565792,
  "u425": 0.09808218435133531,
  "u238": 0.1161763379195149,
  "u293": 0.563613128368043,
  "u451": 0.3364722366212129,
  "u179": 0.4306167893373583,
  "u0": 0.7612006438049609,
  "u35": 0.4248831939652659,
  "u72": 0.8049752858159158,
  "u136": 0.7884573603642703,
  "u44": 0.4565202789084486,
  "u68": 0.42375502085908223,
  "u147": 0.7289233537252288,
  "u374": 0.3840426725207577,
  "u287": 0.3248956687922153,
  "u335": 0.16090124243698875,
  "u88": 0.20192555821936461,
  "u32": 0.9886113934537812,
  "u312": 0.17810086918972448,
  "u403": 0.0788729800866586,
  "u119": 0.2334795606448719,
  "u47": 0.5498722876628932,
  "u160": 2.8449093838194073,
  "u366": 0.11634339447112393,
  "u326": 0.18335621803473093,
  "u273": 1.1883585765243851,
  "u347": 0.29185744386226153,
  "u481": 0.49182267664037527,
  "u453": 0.19071682728401426,
  "u51": 2.7553963216994086,
  "u28": 1.0086640520051704,
  "u74": 0.337889169199758,
  "u237": 0.9570335153365052,
  "u357": 0.2426137870500746,
  "u448": 0.950976289862045,
  "u318": 0.31045450889325804,
  "u262": 0.5108256237659906,
  "u295": 0.16602448354261023,
  "u384": 0.2156863952061277,
  "u496": 0.4003863770291487,
  "u229": 0.6931471805599453,
  "u253": 0.718789611173283,
  "u207": 0.5576388515419669,
  "u472": 0.18377338739222418,
  "u91": 0.11576079027561571,
  "u508": 0.675128675057267,
  "u113": 0.38496658655982335,
  "u364": 0.31226431585711684,
  "u331": 0.35987836365627,
  "u350": 0.4539174914941112,
  "u443": 0.3887076928162224,
  "u189": 0.18377338739222418,
  "u402": 0.8007778447523108,
  "u71": 1.6607312068216509,
  "u359": 0.1839826867440311,
  "u197": 0.4215168171186723,
  "u375": 0.37680985234778835,
  "u420": 0.2536883166360684,
  "u170": 1.1883585765243851,
  "u247": 0.3242396681855784,
  "u327": 0.5108256237659906,
  "u217": 0.37592508503301336,
  "u215": 0.22191580407588726,
  "u405": 0.3057301423234839,
  "u168": 0.3098559299461029,
  "u418": 1.0667370801376608,
  "u354": 0.45915361322166975,
  "u412": 0.2861471527336971,
  "u192": 0.4054651081081644,
  "u164": 0.9631743177730056,
  "u101": 0.796626228118066,
  "u438": 0.4903039880451938,
  "u310": 0.21425460389696366,
  "u417": 0.5556761899313425,
  "u98": 0.652561900444867,
  "u161": 0.6070725717887024,
  "u415": 1.2396908869280152,
  "u337": 0.2552961177937626,
  "u269": 0.6580558607486752,
  "u274": 0.9570335153365052,
  "u399": 0.25651548021336174,
  "u277": 0.9694005571881035,
  "u225": 0.675128675057267,
  "u381": 0.21284176778638383,
  "u77": 0.5368011101692514,
  "u365": 0.306897596433533,
  "u482": 0.3868279821094199,
  "u125": 0.5191938734365071,
  "u201": 0.5955731336083886,
  "u484": 1.3862943611198906,
  "u13": 0.7726363316181839,
  "u305": 0.44628710262841953,
  "u362": 0.18827142560018953,
  "u242": 0.2836252717561666,
  "u398": 0.21144751155101846,
  "u226": 0.19207773173931925,
  "u9": 1.1153490810236335,
  "u107": 0.40139178272052856,
  "u25": 0.8449531934279495,
  "u325": 0.8311684784573201,
  "u485": 0.5124771518044636,
  "u279": 0.7089452974365367,
  "u394": 0.3140955214600363,
  "u441": 0.7804626475625616,
  "u352": 0.22191580407588726,
  "u471": 1.2729656758128873,
  "u467": 0.4488014215951326,
  "u351": 0.6962479582381935,
  "u372": 0.5331825308672671,
  "u414": 0.45915361322166975,
  "u345": 0.5124771518044636,
  "u93": 0.3063127483149113,
  "u59": 1.2185716037470886,
  "u243": 0.24860072240930975,
  "u422": 0.2758476148047781,
  "u111": 0.6166071034376109,
  "u429": 1.1883585765243851,